Comentário,rotulo
"Entrega rápida, mas o produto veio danificado.",Negativo
Qualidade abaixo do esperado.,negativo
"Não gostei, esperava mais.",negativa
"Muito bom, recomendo a todos.",positivo
"Péssimo atendimento, não volto mais.",Negativo
"Não gostei, esperava mais.",Negativo
"Excelente qualidade, superou minhas expectativas.",Positivo
"Muito bom, recomendo a todos.",Positivo
"Excelente qualidade, superou minhas expectativas.",positiva
"Não gostei, esperava mais.",negativa
"Não gostei, esperava mais.",negativa
Preço justo pelo que oferece.,Positivo
"Péssimo atendimento, não volto mais.",Negativo
Qualidade abaixo do esperado.,Negativo
"Péssimo atendimento, não volto mais.",Negativo
Atendeu todas as minhas expectativas.,positiva
Atendeu todas as minhas expectativas.,Positivo
"Excelente qualidade, superou minhas expectativas.",positivo
"Muito bom, recomendo a todos.",Positivo
"Não recomendo, decepcionado.",negativa
Preço justo pelo que oferece.,positiva
"Excelente qualidade, superou minhas expectativas.",positivo
"Entrega rápida, mas o produto veio danificado.",negativa
"Entrega rápida, mas o produto veio danificado.",negativa
"Excelente qualidade, superou minhas expectativas.",positivo
"Muito bom, recomendo a todos.",Positivo
Qualidade abaixo do esperado.,Negativo
Atendeu todas as minhas expectativas.,positiva
"Péssimo atendimento, não volto mais.",Negativo
Este produto é incrível!,positivo
Atendeu todas as minhas expectativas.,positivo
"Não recomendo, decepcionado.",Negativo
Qualidade abaixo do esperado.,negativa
"Não gostei, esperava mais.",negativa
Preço justo pelo que oferece.,positivo
"Não recomendo, decepcionado.",Negativo
Preço justo pelo que oferece.,positiva
Preço justo pelo que oferece.,Positivo
Qualidade abaixo do esperado.,Negativo
"Excelente qualidade, superou minhas expectativas.",positiva
"Não recomendo, decepcionado.",Negativa
"Não gostei, esperava mais.",Negativa
"Não gostei, esperava mais.",negativo
"Não gostei, esperava mais.",Negativo
Preço justo pelo que oferece.,positiva
Qualidade abaixo do esperado.,Negativo
Qualidade abaixo do esperado.,negativa
Qualidade abaixo do esperado.,negativo
"Péssimo atendimento, não volto mais.",Negativo
Atendeu todas as minhas expectativas.,positivo
